Churn,Predicted_Churn,Churn_Probability,tenure,MonthlyCharges,TotalCharges
0,0,0.0069093457,72,114.05,8468.2
0,1,0.8952548,8,100.15,908.55
0,0,0.11392128,41,78.35,3211.2
0,0,0.32709107,18,78.2,1468.75
0,0,0.0066877333,72,82.65,5919.35
0,1,0.6508156,21,99.85,1992.55
0,1,0.54497135,21,99.15,1956.4
0,0,0.10395696,19,24.1,439.2
0,0,0.013932593,61,19.75,1311.6
1,0,0.48391798,17,45.05,770.6
0,0,0.30004835,70,106.05,7554.05
0,0,0.0062066726,72,114.85,8317.95
0,0,0.25349793,49,30.2,1453.1
1,1,0.72198033,11,84.8,906.85
0,0,0.12726073,19,48.8,953.65
0,0,0.032302096,72,84.5,6130.85
0,0,0.015211491,8,19.5,159.35
0,1,0.66490805,15,91.0,1430.05
0,0,0.2525997,67,105.7,6816.95
0,0,0.07624551,26,35.4,978.6
1,1,0.70817864,2,74.85,156.4
0,0,0.28974873,21,28.5,629.35
0,0,0.019402638,49,20.05,923.1
0,0,0.027898952,21,19.8,350.1
0,0,0.1331225,51,69.15,3649.6
0,0,0.24034882,16,54.55,825.1
1,0,0.3679021,22,89.25,1907.85
1,1,0.7282976,13,102.25,1359.0
0,0,0.03536914,43,25.1,1070.15
1,1,0.7348501,3,89.45,240.45
0,0,0.39257222,54,90.05,4931.8
0,0,0.4447667,1,24.2,24.2
0,0,0.0075691026,69,20.55,1403.1
0,0,0.009321261,62,23.4,1429.65
1,1,0.7902015,2,90.4,168.2
0,0,0.19679347,62,96.1,6019.35
1,1,0.5160595,2,44.95,85.15
0,0,0.0059753796,69,19.9,1356.7
1,1,0.8742714,1,74.5,74.5
1,0,0.13249582,31,55.25,1715.65
0,0,0.006547631,69,20.3,1356.3
0,1,0.85026884,2,91.45,171.45
0,0,0.38908166,33,70.4,2406.1
0,0,0.1206033,3,19.6,55.25
0,0,0.06064036,44,65.4,2774.55
1,1,0.62816,10,110.1,1043.3
0,1,0.67363423,8,75.25,576.7
0,0,0.20803234,8,66.65,520.95
0,0,0.00917373,69,20.35,1442.65
1,0,0.18274757,23,75.6,1758.6
0,0,0.0057819514,66,25.1,1697.7
1,1,0.87628466,1,102.45,102.45
0,0,0.14924668,3,19.95,58.0
0,0,0.30838048,5,51.0,286.8
0,0,0.3492857,1,51.2,51.2
1,1,0.5228173,9,77.65,714.15
0,0,0.057232697,36,63.7,2188.5
0,0,0.07947502,68,85.5,5696.6
0,0,0.0268354,35,40.9,1383.6
0,0,0.009796472,60,20.55,1205.05
0,0,0.0039273053,72,74.55,5430.65
1,0,0.017479258,45,20.4,930.45
0,0,0.18365827,37,91.2,3247.55
0,0,0.1562345,7,50.7,350.35
1,0,0.29568222,4,50.7,151.3
1,1,0.57964844,1,54.9,54.9
1,0,0.19709551,4,60.4,272.15
1,0,0.22319973,18,49.55,878.35
1,0,0.1907836,12,74.05,872.65
1,1,0.86374426,1,80.05,80.05
0,0,0.0030695787,72,25.0,1738.9
0,0,0.013267344,42,20.25,835.5
1,0,0.43355456,24,76.1,1712.7
0,0,0.106420785,26,78.95,2034.25
0,0,0.078678645,68,73.0,5163.0
0,0,0.03934498,17,19.9,323.15
0,0,0.036506537,59,111.1,6555.2
1,0,0.48047704,13,74.4,896.75
0,0,0.12323636,2,20.45,42.45
0,0,0.009367955,67,19.65,1335.2
0,0,0.03332414,17,20.05,337.9
0,0,0.006170685,71,80.1,5585.4
1,0,0.28007284,17,98.6,1704.95
1,1,0.86752504,1,89.55,89.55
0,0,0.030490816,6,19.7,94.45
0,0,0.22098932,61,114.1,7132.15
0,1,0.66583335,6,73.85,401.3
1,1,0.68928695,1,25.05,25.05
1,0,0.46830907,21,102.8,2110.15
0,0,0.040381517,60,110.8,6640.7
1,0,0.46249238,20,85.8,1727.5
0,0,0.3154485,22,95.9,2234.95
0,0,0.009464625,40,20.6,827.3
1,0,0.4491862,23,74.95,1710.45
1,0,0.48476005,1,45.95,45.95
0,0,0.009038332,46,38.25,1755.35
0,1,0.5385407,5,69.95,320.4
0,0,0.005739232,68,20.0,1396.0
1,1,0.8357706,1,25.2,25.2
0,0,0.15442164,2,20.1,43.15
1,1,0.729707,14,104.85,1531.4
1,1,0.5155309,10,70.0,740.0
0,0,0.40736404,13,78.3,1033.95
1,0,0.177157,34,109.8,3587.25
1,0,0.24444763,18,57.45,990.85
0,0,0.0075611044,71,19.7,1301.1
0,0,0.096347526,70,110.5,7752.05
0,0,0.032084554,52,64.3,3410.6
0,0,0.08847134,68,105.25,7173.15
0,0,0.07656505,38,19.6,717.3
0,0,0.025960159,58,24.5,1497.9
0,1,0.67114407,3,90.7,237.65
0,0,0.17664155,14,48.8,664.4
0,1,0.5011924,2,24.9,49.7
1,1,0.70952505,1,24.8,24.8
0,0,0.01020143,72,107.4,7748.75
1,1,0.5092233,3,43.3,123.65
0,0,0.4439161,13,80.0,1029.35
0,0,0.032727893,72,104.1,7447.7
0,0,0.01628943,58,20.75,1185.95
0,0,0.010623488,71,95.5,6707.15
1,1,0.845965,1,76.35,76.35
0,0,0.012453148,54,91.3,4965.0
0,0,0.026555492,39,45.05,1790.6
1,1,0.8135725,1,70.6,70.6
0,0,0.0089528095,61,80.8,4860.85
1,0,0.33052567,25,89.15,2257.75
0,0,0.097601585,37,91.2,3382.3
1,1,0.57834977,26,91.25,2351.8
0,0,0.09665998,10,19.75,208.25
1,0,0.2183459,1,20.4,20.4
1,0,0.37045518,24,40.65,933.3
0,0,0.34418717,65,110.35,7246.15
0,0,0.13188769,23,64.9,1509.8
0,0,0.02945844,49,66.15,3199.0
0,0,0.2788453,42,55.65,2421.75
0,0,0.015907198,8,20.85,161.65
0,0,0.09942281,28,54.65,1517.5
0,0,0.005126007,71,80.6,5708.2
1,1,0.53877854,69,99.45,7007.6
0,0,0.070774056,68,114.7,7849.85
0,0,0.032461714,64,105.4,6794.75
0,1,0.5628379,3,75.05,202.9
0,0,0.043756925,66,49.4,3251.85
0,0,0.005214288,28,18.25,534.7
0,0,0.080714464,67,111.05,7321.05
0,0,0.07849775,46,19.6,851.2
1,0,0.36854133,55,96.75,5238.9
0,0,0.3531625,22,69.7,1490.4
0,0,0.38310543,18,87.9,1500.5
0,0,0.0106727015,46,40.4,1842.7
0,0,0.4628408,10,78.15,765.15
0,0,0.07550993,72,99.4,7285.7
0,0,0.4085862,16,55.3,875.35
1,1,0.7733819,3,77.0,237.75
0,0,0.30597168,21,26.05,565.75
0,1,0.53171533,5,78.75,426.35
1,0,0.3901211,1,29.95,29.95
1,1,0.5847697,1,45.4,45.4
1,0,0.4700864,36,85.25,3132.75
0,0,0.039908886,64,104.05,6605.55
0,0,0.063468285,30,74.85,2181.75
0,0,0.0057132784,72,19.55,1463.45
0,0,0.009122969,46,20.1,936.85
0,0,0.02580766,45,95.2,4285.8
1,0,0.12824261,2,20.65,38.7
0,0,0.04048802,34,55.0,1885.15
1,0,0.1595687,54,106.55,5763.3
0,0,0.07480994,21,19.95,416.4
0,0,0.029058652,65,76.15,4929.55
0,0,0.34505203,20,69.8,1540.35
1,1,0.9154099,1,79.5,79.5
0,0,0.09676239,42,69.4,3058.3
1,0,0.35005507,1,19.4,19.4
0,1,0.5353646,20,96.55,1901.65
0,0,0.33850524,11,70.2,760.05
0,0,0.008279958,61,25.3,1554.9
0,0,0.008256966,64,25.0,1584.8
0,0,0.33568403,25,88.4,2191.15
0,0,0.10359598,44,50.15,2139.1
1,1,0.5164979,5,69.95,330.15
0,0,0.092371486,48,29.9,1388.75
1,1,0.7228337,6,74.9,469.8
1,0,0.25125372,4,50.05,179.35
0,0,0.0055291783,72,19.95,1322.85
0,0,0.27262828,54,89.4,4869.5
0,0,0.10385052,66,67.45,4508.65
1,0,0.40242612,3,49.9,130.1
0,0,0.11153149,19,65.35,1231.85
0,0,0.016174734,61,81.0,4976.15
0,0,0.13277969,54,89.8,4667.0
0,0,0.32016015,1,49.95,49.95
1,1,0.6339366,19,79.85,1471.75
0,0,0.010911118,24,19.75,483.15
0,0,0.3633959,33,105.35,3465.05
0,0,0.4861329,31,83.85,2674.15
0,1,0.54068655,59,44.3,2666.75
0,0,0.28289908,20,91.0,1859.5
0,0,0.41229904,60,99.0,6017.9
0,0,0.30222505,18,80.55,1406.65
0,0,0.16771993,19,60.6,1297.8
0,0,0.009460702,24,19.7,452.55
0,0,0.033502046,9,20.25,172.35
0,0,0.058948915,33,24.25,838.5
0,0,0.16524364,2,19.4,61.05
0,0,0.105020404,67,93.15,6368.2
0,0,0.079503745,52,49.75,2535.55
0,0,0.080710664,5,19.65,92.05
0,0,0.44621414,1,19.4,19.4
0,0,0.012441578,67,19.8,1311.3
1,0,0.14998506,63,99.9,6137.0
0,1,0.5581176,2,49.95,107.1
1,0,0.20100023,25,89.05,2177.45
0,0,0.017139783,19,19.95,373.5
0,0,0.019593062,62,56.15,3487.95
0,0,0.4209841,23,34.65,768.45
0,0,0.021462278,70,64.95,4523.25
0,0,0.42915866,29,94.2,2607.6
1,1,0.6029158,32,78.9,2447.95
1,0,0.05943361,31,65.25,1994.3
0,0,0.10009907,59,95.8,5655.45
0,0,0.14094633,32,64.85,2010.95
0,0,0.435864,17,49.8,836.35
0,0,0.043519545,26,20.9,518.3
0,1,0.75095433,12,94.55,1173.55
0,0,0.094233826,61,98.45,6145.2
0,0,0.00639571,71,19.6,1416.5
0,0,0.0714747,9,20.45,147.55
1,1,0.72796625,24,104.25,2433.9
0,1,0.67294735,7,89.15,574.35
0,0,0.14287806,41,111.15,4507.15
1,1,0.5503584,20,90.2,1776.55
0,0,0.35812235,33,91.25,2964.05
0,0,0.010030295,56,81.8,4534.45
1,1,0.8473983,1,74.5,74.5
1,1,0.7436965,4,76.05,318.9
1,0,0.29668072,54,111.1,6014.85
0,0,0.31162152,8,68.55,564.35
0,0,0.2966925,58,45.0,2689.35
0,0,0.4640761,34,100.85,3527.3
1,1,0.814304,2,30.4,78.65
1,1,0.54465264,25,95.9,2448.75
0,0,0.06410919,68,89.95,5974.3
0,0,0.09650835,71,105.15,7555.0
1,1,0.6237105,1,59.2,59.2
1,1,0.64266473,13,98.15,1230.25
1,1,0.72862715,5,84.5,453.75
0,0,0.024159385,22,20.85,450.65
0,0,0.024456112,10,26.1,225.55
0,0,0.40571865,55,74.0,4052.4
0,0,0.014513376,27,20.55,583.3
0,0,0.034226272,10,18.85,163.2
0,0,0.055929434,23,20.85,473.9
0,0,0.044879194,70,84.1,5979.7
1,0,0.27989239,5,46.0,221.7
0,0,0.01309741,24,19.55,470.2
0,0,0.040138353,8,20.2,140.95
0,0,0.21684386,19,88.8,1672.35
0,0,0.32501352,43,100.55,4304.0
0,1,0.5583434,67,101.4,6841.05
0,0,0.4134069,4,55.3,238.5
0,0,0.08238263,59,113.75,6561.25
0,0,0.0031013372,72,25.4,1710.9
0,0,0.1556864,19,20.0,377.55
1,1,0.6895355,1,73.5,73.5
1,0,0.057548523,30,51.2,1561.5
1,0,0.49796128,2,74.4,139.4
0,0,0.011624411,60,65.85,3928.3
0,0,0.30086455,44,111.5,4915.15
0,1,0.62481105,1,48.6,48.6
0,0,0.4967358,3,29.9,92.25
0,0,0.008234847,71,24.85,1901.0
0,0,0.3710817,2,49.2,103.7
0,0,0.18757255,1,25.85,25.85
0,0,0.006681759,72,115.5,8425.15
0,1,0.7091634,6,85.95,514.6
1,1,0.8260113,1,85.55,85.55
0,0,0.47046974,20,89.95,1648.45
1,1,0.8603627,1,88.35,88.35
0,0,0.07434516,12,20.05,265.45
0,0,0.44798076,9,24.95,190.25
0,0,0.123343885,12,20.1,223.6
0,0,0.40415242,1,49.9,49.9
0,0,0.03831456,17,19.65,351.55
0,1,0.51913726,12,79.55,958.25
1,1,0.670691,12,106.7,1253.9
1,0,0.22205417,15,55.7,899.8
0,0,0.04264575,71,99.0,6994.6
1,1,0.6376998,30,85.0,2624.25
0,0,0.022699205,33,20.15,682.15
0,0,0.4051449,1,19.9,19.9
0,0,0.08671802,62,70.45,4300.45
0,0,0.0058709686,72,116.8,8456.75
0,0,0.06275476,30,66.3,1923.5
0,0,0.042072278,3,20.55,57.4
0,0,0.23066907,28,90.45,2509.25
0,0,0.41501033,30,94.3,2679.7
1,0,0.036672447,12,19.0,233.55
0,0,0.016877212,51,24.6,1266.4
0,0,0.073418505,15,45.9,693.45
0,0,0.0032985667,72,25.1,1790.8
1,0,0.1543298,32,108.15,3432.9
0,1,0.5348189,6,74.1,450.9
0,0,0.021965753,63,70.8,4448.8
1,1,0.78381944,11,95.15,997.65
0,0,0.17418581,19,61.55,1093.2
0,0,0.08183397,64,73.05,4688.65
0,0,0.09920226,7,69.45,477.05
0,0,0.18768905,4,20.05,91.45
0,0,0.10799076,7,19.95,147.5
0,1,0.6224411,4,90.4,356.65
0,0,0.46338373,3,74.55,233.65
0,0,0.054688953,65,53.5,3517.9
0,0,0.09141912,42,63.7,2763.35
0,0,0.057724204,26,75.0,1908.35
0,0,0.033544622,48,25.05,1171.5
0,0,0.11736073,69,99.35,6856.45
0,0,0.07982165,17,44.45,792.15
1,0,0.44123766,1,21.0,21.0
1,1,0.5706904,4,76.65,333.6
0,0,0.43742457,34,96.35,3190.25
0,1,0.53182834,2,70.35,139.25
1,1,0.58961225,1,50.45,50.45
0,0,0.07777224,12,20.3,246.7
0,0,0.38898927,38,69.5,2625.25
0,0,0.01978624,31,80.55,2471.6
1,0,0.11781459,67,108.75,7156.2
0,1,0.55895984,22,88.75,1885.15
0,0,0.03670724,63,81.2,4965.1
0,0,0.025167761,70,79.6,5589.45
0,0,0.21235606,1,20.45,20.45
1,0,0.10267029,49,100.45,4941.8
0,0,0.026235541,71,89.45,6435.25
0,0,0.043943014,23,66.25,1533.8
0,0,0.0025706307,72,90.8,6397.6
0,0,0.009524136,72,71.45,5025.85
1,1,0.5331822,2,69.75,144.55
0,0,0.11104774,42,59.65,2536.55
0,0,0.014048824,47,19.75,948.9
0,0,0.012779873,29,19.85,535.05
0,0,0.004125467,72,63.8,4684.3
1,1,0.9045941,1,69.55,69.55
0,0,0.136147,40,51.1,2092.9
1,0,0.32867038,1,62.05,62.05
1,1,0.91090995,1,85.0,85.0
1,0,0.041365087,70,98.3,6859.5
0,0,0.008127941,49,19.9,1022.6
1,0,0.33710364,17,76.65,1313.55
0,0,0.14068156,33,66.4,2245.4
1,1,0.55101883,17,100.45,1622.45
0,0,0.12884584,21,75.9,1549.75
1,0,0.112694,35,85.95,3110.1
0,0,0.10535133,12,60.65,743.3
0,0,0.17996716,9,50.85,466.6
0,0,0.003015996,72,24.45,1709.1
0,0,0.1842186,18,59.1,1011.05
0,0,0.18796095,58,109.1,6393.65
0,1,0.56769574,30,101.3,2974.5
0,0,0.04125039,56,115.85,6567.9
1,1,0.77547646,10,94.9,1048.85
1,1,0.799864,2,35.1,68.75
0,0,0.021470064,18,24.65,471.35
0,0,0.115941465,51,56.15,2898.95
0,0,0.19319347,60,109.45,6572.85
0,0,0.15773444,24,55.15,1319.85
1,0,0.31141394,70,115.65,7968.85
0,0,0.16033097,12,53.75,648.65
0,0,0.040888228,25,61.6,1611.0
0,0,0.01365173,36,20.35,695.85
0,0,0.491147,11,90.6,1020.2
1,1,0.6027561,7,89.75,608.8
0,1,0.70503694,26,98.1,2510.7
0,0,0.43759578,41,74.25,3089.1
0,1,0.50340813,57,55.0,3094.05
1,0,0.20809758,28,90.1,2598.95
0,0,0.09247942,10,64.9,685.55
0,0,0.1337759,41,56.3,2364.0
0,0,0.32063216,22,89.05,1886.25
1,0,0.09843483,57,112.95,6465.0
0,0,0.023883982,13,19.45,270.2
0,0,0.12208067,61,100.7,6018.65
0,0,0.43366402,1,20.05,20.05
0,0,0.025708249,18,19.35,309.25
0,1,0.6832318,6,87.95,522.35
1,0,0.21949479,7,59.5,415.95
0,0,0.30628207,9,55.3,501.2
1,0,0.4521349,1,49.25,49.25
1,1,0.54425746,9,80.8,713.1
0,0,0.015627459,49,20.45,900.9
1,1,0.7671676,15,99.1,1426.4
0,0,0.02261785,30,19.55,608.5
0,0,0.13624203,70,75.65,5411.4
0,1,0.6094427,25,105.5,2686.05
0,0,0.016008899,49,35.8,1782.0
0,0,0.15733352,18,25.15,476.8
0,0,0.025998397,25,19.2,532.1
0,0,0.01316786,23,40.1,857.75
0,0,0.047512405,67,103.15,6895.5
0,0,0.0055411602,35,20.5,759.35
1,1,0.60923856,1,45.85,45.85
0,0,0.011329735,72,114.45,8375.05
0,0,0.29804555,1,20.7,20.7
0,0,0.22245991,60,80.95,4859.1
0,0,0.16811684,7,59.1,369.25
0,0,0.014919947,64,19.55,1240.15
0,0,0.28074902,15,48.85,736.8
1,0,0.03586507,2,19.85,35.9
0,0,0.3467021,13,78.75,995.35
1,1,0.7647627,26,98.35,2515.3
0,0,0.02959138,52,35.45,1958.95
1,0,0.34460247,1,20.2,20.2
1,1,0.5698343,15,89.85,1424.95
1,1,0.65824836,2,74.9,147.15
1,0,0.39032328,31,91.15,2995.45
0,0,0.041546185,26,75.5,2018.1
0,0,0.16308509,10,29.75,301.9
0,0,0.4493269,1,20.05,20.05
1,1,0.7817019,2,79.6,195.05
1,0,0.016755776,2,19.3,28.3
1,0,0.42406595,13,48.75,633.4
0,0,0.11010274,33,74.75,2453.3
0,0,0.062410306,46,91.3,4126.35
0,0,0.44407323,13,49.15,649.4
1,0,0.25484705,37,106.75,4056.75
0,0,0.016806232,61,19.1,1143.8
0,0,0.32781214,1,20.8,20.8
0,1,0.5109964,9,75.85,647.5
0,1,0.54774314,3,69.6,207.4
0,0,0.006170033,69,19.9,1363.45
0,0,0.0084792515,62,20.3,1296.15
0,0,0.017441455,20,19.7,419.4
0,0,0.20477109,61,104.0,6363.45
0,0,0.06512956,4,23.9,97.5
0,0,0.11681317,63,102.6,6296.75
0,0,0.108817704,50,35.0,1782.4
1,1,0.7944158,1,80.5,80.5
0,0,0.089004934,70,74.1,5222.3
0,0,0.024108851,72,76.8,5468.45
0,0,0.07894594,35,60.55,1982.6
0,0,0.22264682,12,67.25,832.3
0,0,0.194977,56,109.8,6109.65
1,0,0.45738405,12,73.75,871.4
0,0,0.050488472,36,55.8,1941.5
0,0,0.25874054,40,105.75,4228.55
1,0,0.1471069,3,19.6,59.75
0,0,0.38158658,40,103.75,4188.4
0,0,0.03585452,67,70.9,4677.1
0,0,0.055668186,67,72.35,4991.5
0,0,0.3798897,7,66.85,458.1
0,1,0.51411223,3,90.4,268.45
0,1,0.6150671,42,100.3,4222.95
0,0,0.10356866,40,26.2,1077.5
0,0,0.1436086,53,94.0,4871.45
0,0,0.16082297,3,19.55,61.05
0,1,0.8147103,9,90.1,816.8
0,0,0.0053470763,72,20.1,1326.25
1,0,0.31032526,46,85.0,3969.4
0,0,0.0073981625,61,24.1,1551.6
0,0,0.007961788,54,69.95,3871.85
1,0,0.37177896,11,41.6,470.6
0,0,0.009996836,29,19.55,521.8
1,0,0.14808759,67,111.3,7482.1
0,0,0.36998585,49,97.95,4917.9
0,0,0.0073484485,72,100.55,7325.1
0,0,0.0043841866,71,87.25,6328.7
0,0,0.14006977,44,74.85,3268.05
0,0,0.08844921,41,60.3,2511.3
0,0,0.27078933,11,58.95,601.6
0,0,0.06694506,13,19.3,279.3
0,0,0.027411427,55,88.8,4805.3
1,0,0.14518724,11,48.55,501.0
0,0,0.11668518,48,45.55,2108.35
0,0,0.083577774,31,81.7,2548.65
0,0,0.10594384,63,109.2,7049.75
0,0,0.048536927,61,65.2,3965.05
0,0,0.0029354193,72,24.25,1784.5
0,0,0.1966495,53,108.25,5935.1
0,0,0.38853377,7,48.2,340.35
1,0,0.37868917,28,81.05,2227.1
1,0,0.34950393,16,72.65,1194.3
0,1,0.58872235,7,71.05,472.65
0,0,0.438405,5,64.0,370.25
0,0,0.004133456,71,23.9,1663.5
1,0,0.29742858,7,34.5,279.25
0,1,0.724938,11,111.4,1183.05
0,0,0.012862289,52,63.9,3334.95
0,0,0.011726814,49,67.4,3306.85
0,0,0.010510399,19,18.8,279.2
1,1,0.7017689,2,80.95,171.15
0,0,0.24399015,52,95.65,5088.4
0,0,0.39771318,23,84.25,1968.1
0,1,0.5454243,8,69.7,572.85
0,0,0.13081528,65,103.9,6767.1
0,1,0.6373293,2,55.3,108.65
0,0,0.008180452,62,23.65,1416.75
0,1,0.67533904,3,89.85,244.45
0,0,0.24570896,49,93.65,4520.15
1,0,0.27483904,15,69.0,994.8
0,0,0.01360888,41,20.25,865.0
0,1,0.56502914,46,104.45,4863.85
0,0,0.02317287,56,25.95,1444.05
0,0,0.32834232,48,95.4,4445.3
0,1,0.51291806,2,70.7,129.2
0,0,0.0028296248,72,23.75,1679.25
0,0,0.0666266,45,78.8,3597.5
0,0,0.015196775,37,62.8,2278.75
0,0,0.08575597,61,89.2,5500.6
0,0,0.019339021,60,20.6,1093.0
1,0,0.4648884,2,50.15,115.1
0,0,0.010159271,63,75.55,4707.85
1,1,0.8374475,4,84.6,360.1
1,0,0.06201493,62,102.0,6529.25
0,0,0.05529025,62,92.05,5755.8
0,0,0.04497311,69,97.65,6743.55
1,1,0.55266166,4,105.65,443.9
0,0,0.1862545,49,56.3,2780.6
0,0,0.047800966,51,81.15,4126.2
0,0,0.3474719,26,44.65,1156.55
0,0,0.33401617,9,43.75,405.7
0,0,0.11674983,57,94.7,5468.95
0,0,0.06461528,37,19.5,805.2
0,0,0.23575383,30,97.0,3021.3
0,0,0.15880112,70,107.9,7475.85
1,0,0.47887474,22,89.4,2001.5
1,0,0.109941676,39,48.95,1880.85
1,0,0.48865765,33,80.6,2656.5
0,0,0.17751954,60,116.6,7049.5
0,0,0.41844583,1,19.45,19.45
0,0,0.24955697,12,58.35,740.55
0,0,0.011027858,51,19.95,1028.75
0,0,0.44037005,22,80.15,1790.65
0,0,0.045017008,1,18.8,18.8
0,0,0.30051276,39,100.0,3835.55
1,1,0.8326041,4,93.5,362.2
1,0,0.07701134,39,80.45,3201.55
0,0,0.26686248,69,84.9,5785.65
0,0,0.1471571,8,64.4,581.7
0,0,0.00812477,68,25.05,1629.2
1,1,0.6023565,2,70.75,154.85
1,0,0.43732232,24,39.1,971.3
1,0,0.15951318,42,50.25,2203.65
0,0,0.09405903,59,80.1,4693.2
1,1,0.8398345,1,80.0,80.0
0,0,0.10158727,46,35.05,1620.25
1,1,0.55387557,4,29.65,118.5
0,0,0.08177522,11,20.45,250.8
0,0,0.022516282,59,66.4,3958.2
0,0,0.104168825,53,60.6,3297.0
0,1,0.5638144,3,54.2,140.4
0,0,0.003197163,72,25.25,1841.2
1,0,0.04360883,9,18.95,185.6
0,0,0.013732894,24,20.8,469.65
0,0,0.31261227,45,86.1,3861.45
0,0,0.12950511,49,40.65,2070.75
0,0,0.0075976816,61,24.4,1417.9
0,1,0.5813119,2,70.3,144.0
1,1,0.66598105,5,85.4,425.9
1,1,0.6380146,2,42.6,72.4
0,0,0.08282052,25,81.75,2028.8
0,0,0.46534404,60,106.15,6411.25
0,0,0.1721005,51,110.05,5686.4
1,0,0.26234913,2,56.7,113.55
1,0,0.30678615,62,103.75,6383.35
0,0,0.0864895,52,81.4,4354.45
0,0,0.16196428,68,76.9,5023.0
0,0,0.4183212,22,84.15,1821.95
1,1,0.74394524,1,25.05,25.05
1,1,0.7932072,3,41.15,132.2
1,1,0.70916444,16,96.4,1581.2
1,1,0.52662003,32,74.4,2276.95
0,0,0.019088991,50,24.9,1195.25
0,0,0.4644874,1,48.75,48.75
1,1,0.63887113,6,83.9,497.55
1,1,0.66926116,1,50.75,50.75
0,0,0.006701872,29,20.2,558.8
1,0,0.34855026,1,19.3,19.3
0,0,0.24778281,58,95.3,5817.7
0,0,0.13431296,35,76.05,2747.2
0,0,0.013276492,43,19.55,876.15
0,0,0.030626962,41,50.05,2029.05
0,0,0.011705916,47,19.3,890.5
0,1,0.5112855,33,100.0,3320.6
0,0,0.0059196097,67,20.5,1430.95
0,0,0.0063938713,72,19.4,1496.45
0,0,0.056523833,50,54.9,2614.1
0,0,0.031881828,49,49.8,2398.4
1,1,0.7456971,4,74.35,265.35
0,0,0.06755665,61,94.15,5731.85
0,0,0.023288019,7,20.65,150.0
1,0,0.42197996,14,90.45,1266.1
0,0,0.18008545,26,73.05,1959.5
0,0,0.37814164,35,70.55,2419.0
0,0,0.27593267,54,99.1,5437.1
1,1,0.75853485,8,95.65,778.1
1,1,0.7898225,1,71.65,71.65
0,0,0.15341108,67,100.25,6689.0
0,0,0.012652136,24,19.75,498.1
0,0,0.010587758,64,24.9,1595.5
1,0,0.4380039,34,79.6,2718.3
0,0,0.02380881,8,19.9,153.95
0,0,0.10738202,6,20.2,123.65
1,1,0.6540687,13,99.0,1301.7
0,0,0.007566721,62,24.25,1424.6
1,1,0.71328676,34,100.05,3480.0
0,1,0.8660283,9,99.3,918.75
0,0,0.015589508,22,20.3,467.15
1,0,0.1306407,40,55.25,2139.2
1,0,0.16343941,35,100.5,3653.35
0,0,0.102621496,7,23.5,173.0
0,0,0.016731417,32,19.8,587.7
0,0,0.0414634,61,19.75,1124.2
0,0,0.12785159,2,20.75,44.2
0,0,0.041652914,56,103.2,5744.35
1,0,0.2184208,65,106.25,6979.8
0,0,0.053956326,28,49.9,1410.25
0,0,0.09226521,18,69.5,1199.4
0,0,0.006610484,71,90.55,6239.05
0,0,0.007535724,72,88.6,6201.95
1,1,0.92916095,1,76.45,76.45
1,0,0.38869625,1,19.75,19.75
0,0,0.04205015,34,20.35,673.2
1,1,0.7688557,8,87.05,762.1
1,1,0.5340875,47,106.4,5127.95
0,0,0.003149491,72,24.05,1709.15
0,0,0.009861192,52,25.05,1270.25
1,0,0.15015507,3,19.85,64.55
0,0,0.012643246,60,37.7,2288.7
1,1,0.90209424,3,96.6,291.9
1,0,0.41368747,19,86.0,1532.45
0,1,0.8217849,1,69.9,69.9
1,1,0.8496135,6,105.3,545.2
0,0,0.08486287,49,59.6,2970.3
1,0,0.3878681,22,90.5,1910.6
0,0,0.017782139,42,19.05,761.85
0,1,0.7194052,46,98.85,4564.9
0,0,0.2044166,68,39.9,2796.35
0,0,0.041535437,2,20.5,38.25
0,0,0.015340746,0,20.25,2283.3004408418656
1,0,0.097816624,35,72.25,2568.55
0,0,0.15301847,2,19.5,27.55
0,0,0.010846182,68,62.65,4375.8
0,1,0.5359534,16,75.4,1189.4
0,0,0.020432299,72,110.9,8240.85
0,0,0.039012015,37,94.3,3460.95
0,0,0.016488848,53,25.55,1336.1
0,0,0.37862694,40,83.85,3532.25
0,0,0.24382421,46,94.15,4408.45
1,1,0.88534176,3,100.95,329.95
1,1,0.7419758,1,75.3,75.3
1,0,0.05888473,7,19.25,112.3
1,0,0.3937903,6,30.5,208.7
0,0,0.25087988,46,89.15,4245.55
1,0,0.10023669,54,70.15,3715.65
1,1,0.6739789,15,79.4,1156.1
1,1,0.8365345,3,85.3,264.8
0,0,0.0045855655,70,20.05,1360.25
0,0,0.03243639,39,100.55,3895.35
0,0,0.11035565,2,20.0,38.0
0,0,0.28894353,18,75.6,1395.05
0,0,0.005899198,72,25.1,1789.9
0,0,0.22375135,47,55.3,2654.05
0,0,0.066445604,22,19.9,400.3
0,0,0.00507578,71,89.9,6457.15
0,1,0.6831406,8,74.85,572.45
0,0,0.0055564926,71,19.9,1389.35
0,0,0.09619394,53,94.45,5042.75
0,0,0.402712,37,72.25,2575.45
0,0,0.054019045,64,70.15,4480.7
0,0,0.30801967,5,48.65,235.2
0,0,0.11942556,60,104.7,6333.8
0,0,0.46905586,2,50.3,92.75
0,0,0.10834744,25,54.2,1423.15
0,0,0.09549593,6,19.7,113.5
0,0,0.08260162,60,110.6,6586.85
1,1,0.59964204,30,100.2,2983.8
0,0,0.036806766,67,49.35,3321.35
0,0,0.02874318,53,24.05,1301.9
1,0,0.24822104,10,55.2,528.35
1,1,0.50677335,1,52.2,52.2
1,0,0.124500684,55,54.55,2978.3
0,0,0.014426969,70,84.7,5991.05
0,0,0.055522516,34,50.2,1815.3
0,0,0.10422677,68,110.25,7279.35
0,0,0.19277664,59,109.15,6557.75
0,0,0.45768306,9,74.85,708.2
1,1,0.5934958,6,80.5,463.05
0,0,0.41889605,50,103.95,5231.3
1,0,0.00557091,72,92.45,6440.25
0,1,0.5439878,41,53.95,2215.4
0,0,0.2988985,4,50.8,202.3
0,0,0.037292704,47,40.3,1794.8
0,0,0.05517634,62,94.95,5791.85
0,0,0.05508518,18,20.45,357.0
1,1,0.7555053,3,75.85,256.6
0,0,0.008831101,65,25.1,1725.0
1,0,0.16545096,59,85.55,5084.65
0,0,0.02305188,60,70.15,4224.7
0,0,0.08966061,10,20.55,187.35
0,0,0.041157793,7,38.55,280.0
0,0,0.19356287,28,91.0,2626.15
0,1,0.5483774,29,79.3,2414.55
0,0,0.056125224,0,19.7,2283.3004408418656
0,0,0.05076519,37,64.65,2347.85
0,0,0.018406652,45,24.65,1138.8
0,0,0.13341658,61,79.8,4914.8
0,0,0.012606998,64,19.45,1208.6
0,0,0.12202059,63,91.35,5764.7
1,1,0.51934797,37,76.5,2868.15
0,0,0.0038094963,72,24.3,1778.7
0,0,0.019085174,66,89.9,5958.85
1,1,0.88672346,1,95.65,95.65
0,1,0.64099896,9,79.75,769.1
0,1,0.5045688,1,25.35,25.35
1,1,0.8133746,4,99.8,442.85
1,0,0.44472212,38,74.95,2869.85
0,0,0.0975777,44,61.9,2924.05
0,0,0.23800273,22,54.7,1178.75
1,0,0.22044472,53,106.95,5785.5
0,1,0.5384643,23,90.45,2117.25
0,0,0.049588583,20,18.9,347.65
0,0,0.012396119,51,24.75,1234.6
0,0,0.008138157,62,20.65,1218.45
0,0,0.04954476,7,18.95,130.55
0,0,0.4647246,17,83.55,1329.15
0,0,0.04272993,41,70.2,2894.55
0,1,0.53635925,7,94.05,633.45
0,1,0.57996947,1,50.05,50.05
0,0,0.014782802,64,58.35,3756.45
1,1,0.7458967,3,75.5,220.6
1,0,0.3620539,50,71.05,3444.85
0,0,0.20729376,18,56.8,1074.65
1,0,0.2603602,13,55.95,734.35
0,0,0.011569322,69,80.65,5542.55
0,1,0.8871659,1,79.15,79.15
0,1,0.5620706,4,90.65,367.95
1,1,0.64366394,1,53.5,53.5
0,0,0.045193426,25,53.65,1355.45
0,0,0.2153123,18,55.95,1082.8
0,0,0.012779301,48,23.55,1173.35
0,0,0.014698377,26,20.65,595.5
1,1,0.9002631,1,69.1,69.1
0,0,0.3943873,4,57.2,223.75
0,0,0.24383534,1,20.3,20.3
1,1,0.59742874,11,74.35,834.2
1,0,0.1426408,4,61.45,229.55
1,0,0.17312491,8,19.65,164.3
0,1,0.85074556,6,90.75,512.25
0,0,0.002497141,72,92.0,6632.75
0,0,0.013018646,27,52.85,1498.65
1,1,0.80384,1,71.0,71.0
0,0,0.03852334,17,20.15,353.65
0,0,0.011292311,66,68.75,4447.55
0,0,0.029073052,53,19.5,1050.5
0,0,0.2714741,44,84.8,3626.35
0,0,0.025518436,52,20.85,1071.6
0,0,0.032770395,70,90.05,6333.4
0,0,0.3013601,1,25.75,25.75
1,0,0.07081822,61,94.1,5638.3
1,0,0.46994615,19,100.95,1875.55
0,0,0.03130416,11,20.6,233.9
0,0,0.4915854,26,85.75,2146.5
0,0,0.02318211,60,19.85,1128.1
1,1,0.87619674,1,84.85,84.85
0,0,0.435736,26,92.4,2349.8
0,1,0.5752422,24,80.5,2088.45
0,0,0.4131637,22,100.05,2090.25
0,0,0.34784335,51,98.85,4947.55
0,0,0.04135862,61,85.55,5251.75
0,0,0.07397773,44,54.3,2390.45
0,0,0.039269246,0,80.85,2283.3004408418656
0,0,0.47790548,5,75.65,399.45
1,1,0.88228244,1,78.8,78.8
0,0,0.052137826,26,61.55,1581.95
0,0,0.34276724,15,84.35,1302.65
1,1,0.72485226,4,80.35,307.4
0,1,0.52703875,12,84.6,959.9
1,0,0.30086717,1,49.9,49.9
0,0,0.10188308,22,57.95,1271.8
0,0,0.040426955,49,49.65,2409.9
0,0,0.025581652,13,19.75,265.75
0,0,0.07679157,66,90.55,6130.95
0,0,0.029920688,62,39.0,2337.45
0,0,0.028561207,66,63.3,4189.7
1,1,0.50675064,3,35.2,108.95
0,0,0.011559963,63,68.8,4111.35
0,0,0.019334894,15,19.35,278.85
0,0,0.41759285,43,94.1,4107.3
0,0,0.4110779,65,109.05,7108.2
1,1,0.88437533,2,85.7,169.8
0,0,0.12437324,14,50.1,709.5
0,0,0.17637043,68,109.05,7508.55
0,0,0.07097249,20,19.6,356.15
0,0,0.021647988,57,65.2,3687.85
0,0,0.0039044952,72,19.8,1468.75
1,1,0.700779,6,84.4,556.35
0,0,0.016220797,53,73.9,3958.25
1,0,0.03743149,57,70.1,3913.3
1,1,0.5931441,1,20.1,20.1
0,1,0.61355287,15,49.0,749.25
1,0,0.46508613,40,79.2,3233.85
0,0,0.005615034,71,53.95,3888.65
0,1,0.5975102,13,45.3,528.45
0,0,0.0024139946,72,91.15,6637.9
0,0,0.08528926,52,95.7,4976.15
0,0,0.03626145,63,81.15,5224.5
0,0,0.0069873957,29,19.1,529.5
0,0,0.36265337,29,100.55,2878.75
0,0,0.1438504,3,20.75,67.1
0,0,0.049486488,19,20.6,414.95
0,0,0.4620237,61,99.9,6241.35
0,0,0.27088833,10,54.25,583.0
0,0,0.17448944,67,109.7,7344.45
0,0,0.023348263,42,19.55,839.4
1,1,0.88233745,1,75.7,75.7
0,1,0.8258894,5,84.0,424.75
0,0,0.024005987,20,19.5,403.15
1,1,0.8586617,1,69.5,69.5
0,1,0.5036168,6,78.95,494.95
1,1,0.5442079,34,106.35,3549.25
0,0,0.01316996,21,19.6,390.4
0,0,0.2495806,46,108.65,4903.2
0,0,0.40137318,34,97.7,3410.0
0,0,0.043803718,29,45.0,1242.45
0,0,0.056922812,27,80.65,2209.75
0,0,0.0029558446,72,89.8,6510.45
0,0,0.18062149,42,54.55,2455.05
1,1,0.5185718,27,78.05,2135.5
0,0,0.027076984,66,66.1,4428.45
1,1,0.7824098,2,75.55,166.3
1,0,0.4565823,32,96.2,3183.4
1,1,0.68775654,14,74.95,1036.75
0,0,0.23746976,19,89.95,1682.4
0,0,0.041802272,48,64.4,3035.35
1,1,0.62291396,4,73.9,280.85
0,0,0.34070256,57,89.85,4925.35
0,0,0.0444437,58,75.2,4300.8
0,0,0.027074948,56,68.45,4014.0
0,0,0.010137079,69,19.75,1375.4
0,0,0.022895092,10,53.7,521.0
0,1,0.6651833,3,80.0,241.3
0,0,0.03135932,35,26.2,954.9
1,0,0.049795035,11,19.25,180.3
0,0,0.39958087,56,100.55,5514.95
0,0,0.012215575,51,24.95,1222.25
1,0,0.3844519,36,90.85,3186.7
0,0,0.010790536,5,20.45,106.9
0,0,0.072257176,1,20.4,20.4
1,1,0.6929055,7,74.4,527.9
0,0,0.023745919,69,53.65,3804.4
1,0,0.05711201,22,67.5,1544.05
0,0,0.0044741854,63,24.2,1618.2
0,0,0.030237343,55,75.75,4264.25
0,0,0.44809628,3,57.55,161.45
0,0,0.027794315,67,81.35,5398.6
1,1,0.5336161,3,25.25,58.9
0,0,0.38869625,1,19.75,19.75
1,0,0.40735018,16,89.05,1448.6
0,0,0.16253935,62,104.05,6590.5
0,0,0.14929785,8,65.5,573.15
0,0,0.032292824,9,20.1,190.25
1,0,0.08623777,6,19.5,146.3
0,0,0.021930194,28,59.0,1654.45
0,0,0.026079433,26,19.4,525.55
0,0,0.49760234,38,101.15,3956.7
0,0,0.40886477,18,50.3,913.3
1,0,0.30051807,3,31.0,95.05
0,0,0.4720211,3,25.0,78.25
0,0,0.041639514,70,72.95,5265.55
0,0,0.06337544,67,69.35,4653.25
0,0,0.0029836756,71,24.35,1654.6
0,0,0.28050616,16,69.1,1083.7
0,0,0.24482651,10,65.5,616.9
1,1,0.87527776,1,90.85,90.85
0,0,0.22163956,12,56.3,628.65
1,0,0.21961321,5,53.85,259.8
1,0,0.29273263,40,99.2,4062.2
0,0,0.1409095,21,64.95,1339.8
0,0,0.11573034,9,68.25,576.95
0,0,0.20698608,7,50.3,355.1
0,0,0.01755566,38,20.05,678.2
1,1,0.7257642,1,50.5,50.5
0,1,0.57662404,7,74.9,490.55
1,1,0.61847717,2,70.95,137.95
0,0,0.047777332,56,19.55,1080.55
0,0,0.41121212,6,50.35,314.55
0,0,0.054145224,63,58.55,3503.5
0,0,0.041525625,64,110.5,7069.25
0,0,0.3773098,29,45.9,1332.4
0,0,0.4335111,32,85.65,2664.3
0,1,0.8896192,2,84.05,186.05
1,0,0.21229711,60,94.4,5610.25
0,0,0.11014802,22,65.05,1427.55
0,0,0.31981796,11,35.65,425.1
0,0,0.12219533,57,90.65,5199.8
1,1,0.54458046,1,44.15,44.15
0,0,0.012410932,62,19.2,1123.65
1,0,0.41531977,47,98.75,4533.7
0,0,0.0051692636,61,88.1,5526.75
0,1,0.62935704,3,70.15,194.2
0,0,0.11733826,64,81.05,5135.35
0,1,0.8863134,6,94.05,518.75
0,0,0.02074376,56,20.05,1090.1
0,0,0.052307595,27,49.85,1336.15
0,0,0.21259284,46,45.55,2062.15
1,1,0.7220832,1,45.1,45.1
0,0,0.012911774,11,20.4,231.45
0,1,0.511807,32,98.85,3145.9
1,1,0.631673,4,77.85,299.2
1,0,0.092282094,24,55.65,1400.55
0,0,0.27843288,35,108.95,4025.5
1,0,0.09130259,46,105.2,4822.85
1,1,0.79166484,1,70.0,70.0
0,0,0.008975231,72,110.15,7881.2
0,0,0.3262903,63,103.5,6479.4
1,1,0.56623566,21,86.5,1808.7
0,0,0.064925045,37,40.2,1525.35
0,0,0.20866877,55,100.9,5552.05
0,0,0.19033504,14,66.6,979.5
0,0,0.058969986,53,71.85,3827.9
0,0,0.09087451,50,84.15,4164.4
0,1,0.6183357,38,102.6,4009.2
1,1,0.5975504,30,99.7,2967.35
0,0,0.057042297,28,59.9,1654.7
1,0,0.16943994,46,59.9,2816.65
0,0,0.017027535,67,20.55,1343.4
1,0,0.48564914,1,45.95,45.95
0,0,0.024745842,50,19.8,1013.2
0,0,0.2713874,56,98.0,5270.6
0,0,0.47996843,1,19.95,19.95
0,0,0.3204109,3,35.1,101.1
0,0,0.016460422,72,109.55,8165.1
1,0,0.054561295,48,60.35,2896.4
0,0,0.10894134,9,39.55,373.0
0,0,0.103993386,19,69.6,1394.55
0,0,0.008701224,46,81.0,3846.35
0,0,0.36001125,56,107.25,6033.3
0,0,0.4699969,35,83.15,2848.45
0,0,0.008401477,25,19.8,475.2
0,0,0.48664513,21,68.65,1493.2
0,0,0.0041056047,71,25.35,1847.55
1,1,0.87830734,1,79.35,79.35
0,0,0.0125517035,62,84.5,5193.2
0,0,0.083407044,53,78.75,3942.45
0,1,0.70646876,2,74.9,136.05
0,0,0.0038655277,72,93.05,6735.05
0,0,0.33835828,24,79.65,1928.7
0,0,0.15131482,41,55.7,2237.55
1,1,0.8943806,2,94.2,193.8
1,1,0.642314,2,67.75,116.65
1,1,0.5022777,27,95.55,2510.2
1,1,0.68684345,53,101.9,5549.4
1,0,0.03132066,34,64.4,2088.75
0,1,0.8708282,1,85.0,85.0
0,0,0.012250411,48,19.55,883.35
1,1,0.71197987,3,75.05,256.25
0,0,0.0077148136,71,64.05,4492.9
0,0,0.27611881,24,85.95,2107.15
0,1,0.5301256,5,70.05,302.6
1,1,0.6825045,8,75.75,606.25
0,0,0.18449022,15,19.8,309.4
1,1,0.63536775,2,74.7,165.4
0,0,0.021577118,13,25.0,332.5
1,0,0.4625281,17,85.35,1463.45
0,0,0.08434714,24,58.35,1346.9
0,0,0.009886355,50,20.55,1070.25
0,0,0.020217834,57,74.35,4317.35
1,1,0.67055726,3,25.3,77.75
0,0,0.25013936,37,91.15,3369.25
0,0,0.0049559018,71,25.6,1888.25
0,0,0.008796883,72,66.5,4811.6
0,0,0.010532768,52,25.6,1334.5
0,0,0.24492192,4,19.85,63.0
0,0,0.16716884,9,69.5,653.25
0,1,0.7449285,7,74.85,485.25
0,0,0.035296123,48,70.1,3238.4
0,0,0.21015805,47,58.6,2723.4
0,0,0.46213022,4,72.75,317.75
0,0,0.19290303,47,103.7,4730.6
0,0,0.32600874,24,29.1,688.0
1,1,0.62860274,1,50.45,50.45
1,0,0.40766993,1,44.65,44.65
0,0,0.23250963,1,19.25,19.25
0,0,0.36708552,48,108.1,5067.45
0,0,0.017202666,27,20.1,562.6
0,0,0.0069185128,60,59.85,3483.45
0,0,0.059287686,26,56.05,1553.2
0,0,0.014442571,51,19.6,967.9
1,1,0.7271116,4,79.0,303.15
0,0,0.18720224,26,66.05,1652.4
0,0,0.4158773,41,106.5,4282.4
0,0,0.07145564,68,114.9,7843.55
0,0,0.015314398,45,54.65,2553.7
1,0,0.17860891,22,69.5,1498.2
0,1,0.52446795,12,79.95,1043.4
0,0,0.411409,1,43.95,43.95
0,1,0.8655715,7,94.1,701.3
1,0,0.35829365,1,20.2,20.2
1,0,0.39153948,13,23.9,300.8
0,0,0.0094698705,51,20.45,1042.65
0,0,0.3089877,4,44.8,169.65
0,0,0.29223165,26,84.3,2281.6
0,0,0.39668274,24,88.95,2072.75
0,0,0.1172188,61,94.2,5895.45
0,0,0.009831262,72,114.9,8496.7
0,0,0.061006,55,84.25,4589.85
1,0,0.2812382,12,81.7,858.6
0,0,0.035879493,64,93.4,5822.3
1,1,0.6121037,37,96.55,3580.3
0,0,0.0033198236,72,88.7,6301.7
0,0,0.02368353,11,19.5,226.8
0,0,0.37709877,52,109.1,5647.95
0,0,0.04563763,58,44.1,2413.05
0,0,0.3131152,4,55.2,220.65
0,0,0.012947984,38,20.3,749.35
0,0,0.12367809,3,20.85,60.65
0,0,0.05996365,62,92.3,5731.45
0,0,0.07063972,8,54.25,447.75
0,0,0.19671254,16,19.75,313.4
0,0,0.2456095,8,43.55,335.4
1,0,0.39191362,1,19.8,19.8
0,0,0.009394866,52,50.2,2554.0
0,0,0.0031209192,72,26.0,1776.0
0,0,0.43976116,16,69.65,1043.3
0,0,0.16484621,18,89.6,1633.0
1,0,0.25971788,1,20.25,20.25
0,0,0.015472107,72,75.4,5480.25
0,0,0.02233456,49,20.7,1032.05
0,0,0.49589896,1,44.0,44.0
0,0,0.11159057,51,93.5,4619.55
0,0,0.078448184,72,97.25,7133.1
0,0,0.021832548,72,77.35,5396.25
0,0,0.016446702,16,19.05,326.65
0,0,0.13643435,16,84.9,1398.25
0,0,0.29559022,1,19.65,19.65
1,1,0.7945875,10,85.6,813.85
0,0,0.36989927,57,100.75,5985.0
0,0,0.09882126,32,90.8,3023.85
0,0,0.006414607,72,101.3,7261.25
0,0,0.26803094,58,97.8,5458.8
0,0,0.10028678,23,73.75,1756.6
1,1,0.65623873,25,89.5,2196.15
0,0,0.05993998,32,19.45,674.55
0,0,0.19587606,69,104.0,7028.5
0,0,0.00661737,72,109.5,7854.9
0,0,0.01704463,50,35.4,1748.9
1,0,0.20157577,28,106.1,2847.4
0,0,0.040121786,10,20.1,184.4
0,0,0.07232582,58,94.7,5430.35
0,1,0.7114824,7,75.4,533.05
1,0,0.3317356,4,49.35,219.65
0,0,0.029216677,34,60.8,2042.05
0,0,0.027195226,70,115.15,8250.0
0,0,0.06421066,71,72.9,5139.65
0,1,0.54380757,21,103.85,2215.0
0,0,0.043058597,56,60.25,3282.75
0,0,0.0064923684,71,76.9,5522.7
1,1,0.52384716,14,87.25,1258.6
0,0,0.01658963,41,19.5,798.2
1,1,0.6079847,3,74.4,215.8
0,0,0.011746421,58,20.5,1191.4
0,0,0.003911307,72,65.7,4575.35
1,1,0.525282,13,89.4,1132.35
0,0,0.015749855,43,79.15,3566.6
0,0,0.27627337,41,51.35,2075.1
1,1,0.5489372,2,70.0,153.05
0,0,0.2093139,1,20.3,20.3
1,1,0.67966855,4,79.9,324.3
0,1,0.57609284,1,19.9,19.9
0,0,0.009557751,72,114.1,8086.4
0,0,0.016022569,69,64.15,4254.1
0,0,0.11286552,27,45.85,1246.4
0,0,0.1631632,14,59.8,824.85
0,0,0.23508734,19,45.0,865.85
0,0,0.46240106,18,95.95,1745.5
0,1,0.58437055,5,90.35,434.5
0,0,0.1481298,28,100.35,2799.0
0,0,0.05304501,30,74.65,2308.6
0,0,0.11054606,71,104.05,7413.55
1,0,0.3613454,1,53.95,53.95
0,0,0.080700316,71,97.2,6910.3
0,0,0.07012218,32,62.45,2045.55
0,0,0.079509936,70,75.5,5212.65
0,1,0.746216,1,55.25,55.25
1,1,0.7704878,1,71.0,71.0
0,0,0.48261648,4,48.75,179.85
0,0,0.39819807,43,94.3,3953.15
0,0,0.0027087682,72,92.3,6719.9
0,0,0.0077966326,72,114.95,8196.4
1,1,0.72831684,4,74.4,306.6
0,0,0.03218591,24,24.6,605.25
1,1,0.9206039,1,95.1,95.1
0,0,0.15407181,1,18.85,18.85
0,1,0.7099997,14,95.6,1273.3
1,1,0.6603297,36,84.1,3021.6
0,0,0.48840815,40,81.2,3292.3
0,0,0.17264551,67,105.05,7171.7
0,0,0.013073744,69,92.15,6480.9
0,0,0.32781214,1,20.6,20.6
0,0,0.047633506,10,40.25,411.45
1,0,0.010822802,55,57.55,3046.4
1,0,0.052705817,68,113.15,7856.0
1,1,0.5484309,66,99.5,6822.15
0,1,0.50838906,7,69.9,497.3
0,0,0.019450804,10,20.15,220.8
0,0,0.32966167,1,29.15,29.15
0,0,0.054897927,55,19.35,1153.25
0,0,0.42743942,45,107.75,4882.8
0,0,0.25019264,10,67.8,653.15
0,0,0.042913295,69,116.0,8182.85
1,1,0.9367746,1,85.05,85.05
0,0,0.023649048,33,25.7,826.1
0,0,0.010907511,45,81.65,3618.7
0,0,0.39728826,1,44.75,44.75
0,0,0.15161519,31,71.05,2168.15
0,0,0.01240877,50,20.35,938.95
0,0,0.07349576,57,87.55,4884.85
1,1,0.7959007,1,74.25,74.25
1,1,0.7230053,2,75.8,160.75
1,1,0.7794335,3,105.35,323.25
0,1,0.54171884,67,94.65,6079.0
1,1,0.577308,42,104.75,4323.45
0,0,0.0071241637,70,26.0,2006.95
0,0,0.013591302,71,20.85,1539.75
0,1,0.61982626,9,75.85,724.65
0,0,0.004290823,72,45.25,3139.8
0,0,0.35622242,53,105.25,5576.3
0,1,0.5963106,19,105.0,2007.25
1,1,0.76528454,9,94.4,857.25
0,0,0.012010819,72,105.5,7611.55
0,0,0.019333854,20,39.4,825.4
0,0,0.01404827,43,20.0,817.95
0,0,0.0150003405,50,79.6,4024.2
0,0,0.1332451,55,89.8,4959.6
1,1,0.64888835,2,94.2,167.5
0,0,0.012331982,9,20.35,191.1
1,0,0.418207,10,33.9,298.45
0,0,0.0067103566,71,77.35,5550.1
1,0,0.35624608,32,84.15,2585.95
1,1,0.8635927,3,105.9,334.65
1,1,0.53735447,16,74.3,1178.25
0,0,0.22116879,25,69.75,1729.35
1,0,0.10392596,38,70.45,2597.6
0,0,0.009997808,40,20.15,804.85
0,0,0.008851022,61,24.2,1445.2
0,0,0.014842821,25,20.05,520.1
1,0,0.019614857,48,95.5,4627.85
1,1,0.57613426,3,69.55,222.3
0,0,0.106243216,63,108.25,6780.1
1,1,0.50113684,37,76.25,2841.55
0,0,0.41607594,1,49.8,49.8
1,0,0.33368126,17,80.85,1400.85
1,0,0.3490902,3,69.35,191.35
0,0,0.46299735,21,86.05,1818.9
0,0,0.011508914,67,36.15,2434.45
0,0,0.021419108,34,20.1,682.1
1,0,0.37763673,18,90.7,1597.25
0,0,0.002506957,72,88.7,6501.35
1,0,0.31840602,18,95.15,1779.95
1,1,0.57762486,3,75.0,209.1
1,1,0.51849777,1,49.95,49.95
1,0,0.33771032,10,72.15,794.25
0,0,0.097872265,10,20.9,247.0
0,0,0.024765778,29,20.0,540.05
1,0,0.48044202,34,94.25,3217.55
1,1,0.8750695,7,101.95,700.85
0,0,0.018308895,69,86.9,6194.1
0,0,0.022414545,36,54.45,1893.5
0,0,0.0059563266,72,85.95,6151.9
0,0,0.015287802,42,20.65,958.1
0,0,0.2612932,42,99.0,4298.45
0,0,0.061306827,67,43.9,3097.2
0,1,0.6070558,21,95.4,2025.1
0,1,0.68553716,23,93.5,2341.55
1,0,0.27496827,15,86.2,1270.2
0,0,0.040090635,34,64.2,2106.3
1,1,0.9375085,7,99.25,665.45
0,0,0.052125916,9,20.4,184.1
0,0,0.07086749,34,24.7,780.2
1,1,0.8425744,1,35.55,35.55
0,0,0.19393124,25,108.9,2809.05
0,0,0.0059756152,72,115.5,8312.75
1,0,0.28164703,1,20.55,20.55
0,0,0.39269462,60,99.8,5985.75
0,0,0.06407801,43,84.25,3539.25
0,0,0.041539557,3,21.2,52.05
0,0,0.010990301,72,84.1,5981.65
1,1,0.53459513,2,45.35,89.5
0,1,0.7318625,10,98.9,1064.95
1,1,0.89678293,7,98.05,713.0
0,0,0.0341976,33,51.45,1758.9
0,1,0.5505584,31,81.15,2640.55
0,1,0.51539534,38,94.75,3653.0
0,0,0.37859038,24,84.35,1938.05
0,0,0.10292004,28,59.55,1646.45
0,0,0.006393281,72,38.5,2763.0
0,0,0.050322454,20,19.25,375.25
0,0,0.03432746,60,79.0,4801.1
1,1,0.82396895,4,89.2,346.2
0,0,0.15471071,46,55.0,2473.95
0,0,0.0030805655,72,82.3,5815.15
1,1,0.55394703,41,113.2,4689.5
0,0,0.24891427,65,100.75,6674.65
0,0,0.13370356,43,29.3,1224.05
0,0,0.05645531,21,64.85,1336.8
0,0,0.016969832,54,20.4,1090.6
1,0,0.19548388,61,104.4,6405.0
0,0,0.25761452,20,55.0,1165.55
0,0,0.41363484,69,105.2,7386.05
0,1,0.7220832,1,45.2,45.2
0,0,0.13789296,33,93.55,3055.5
0,0,0.008942623,19,20.85,467.5
1,1,0.70411664,2,79.0,143.65
0,0,0.12399951,13,63.15,816.8
0,1,0.60923856,1,45.8,45.8
0,0,0.103458196,55,55.7,3131.8
0,1,0.7047133,22,95.1,2162.6
1,0,0.42335004,27,75.5,1893.95
1,0,0.430965,13,89.05,1169.35
0,0,0.028648052,26,50.35,1285.8
0,0,0.0074163727,35,20.1,655.3
0,0,0.42912626,56,104.75,5841.35
1,1,0.92224187,1,95.45,95.45
0,1,0.79936224,1,74.3,74.3
1,0,0.48231184,23,90.6,1943.2
1,0,0.47652382,7,75.45,480.75
0,1,0.53219724,22,104.6,2180.55
0,0,0.015276184,56,59.5,3389.25
0,0,0.015904324,71,82.55,5832.65
0,0,0.012759873,59,19.85,1188.25
1,1,0.60337925,18,96.05,1740.7
0,0,0.0044149356,60,61.35,3766.2
0,0,0.18706521,8,44.45,369.3
0,0,0.30353484,1,19.75,19.75
1,1,0.77661383,1,70.45,70.45
0,0,0.12913138,28,82.85,2320.8
0,0,0.19348294,18,74.15,1387.0
1,1,0.52573264,24,90.35,2238.5
0,0,0.012291411,68,60.3,4109.0
0,0,0.0742819,71,104.65,7288.4
0,0,0.016926954,64,19.7,1274.05
0,0,0.011812575,72,110.75,7751.7
0,0,0.21018909,69,110.25,7467.55
0,0,0.08185682,67,53.4,3579.15
0,0,0.2971476,20,80.7,1614.2
0,0,0.007067194,25,18.7,383.65
0,0,0.014427836,50,89.7,4304.5
0,0,0.42928094,6,48.95,273.25
1,0,0.20521961,2,19.6,35.85
0,0,0.027662272,18,20.1,407.05
0,1,0.61352587,2,56.55,118.25
1,1,0.6931571,3,40.15,130.75
0,0,0.21086073,9,69.4,571.45
1,1,0.8217849,1,69.9,69.9
0,0,0.046338838,70,113.65,7939.25
1,0,0.34048215,46,96.05,4399.5
0,0,0.34741625,15,48.8,720.1
0,0,0.022472786,53,19.85,1049.6
1,1,0.74743474,1,55.4,55.4
0,0,0.061598103,29,19.35,601.6
1,1,0.9209252,1,77.15,77.15
0,0,0.013602646,69,60.05,4176.7
0,0,0.034372337,63,36.1,2298.9
0,0,0.022576991,51,25.0,1260.7
0,0,0.14589448,64,73.55,4764.0
0,0,0.1346858,52,84.05,4326.8
0,0,0.01092581,70,59.5,4144.8
0,0,0.16339116,9,54.8,452.8
1,1,0.52824557,3,83.75,247.25
0,0,0.090994366,70,74.8,5315.8
0,1,0.6135086,21,84.1,1737.45
1,1,0.5458858,5,75.55,349.65
0,0,0.33803642,20,108.2,2203.7
0,0,0.0126706995,72,109.75,8075.35
0,0,0.0031323868,72,20.3,1401.15
1,1,0.6266325,2,70.65,142.35
0,0,0.23047157,23,75.3,1702.9
1,0,0.11765342,4,20.95,85.5
1,0,0.39822224,32,80.35,2596.15
0,0,0.080291614,36,89.65,3348.1
0,0,0.13219476,24,49.7,1218.25
0,0,0.24963112,6,49.5,312.7
0,0,0.008929874,23,59.7,1414.2
0,0,0.0108169895,48,20.65,1057.0
0,0,0.14576861,28,54.9,1505.15
1,0,0.49222732,52,49.15,2550.9
0,1,0.74418527,3,74.95,212.4
1,1,0.6447424,2,80.55,184.1
0,0,0.03661159,4,19.95,68.2
1,1,0.59139574,5,69.7,316.9
1,1,0.92600673,1,69.6,69.6
0,0,0.012985968,66,19.75,1344.5
0,0,0.3467192,52,102.7,5138.1
1,1,0.5303677,1,24.6,24.6
0,0,0.10809164,35,89.2,3251.3
0,0,0.3076368,3,55.8,154.55
0,0,0.31218767,66,102.85,6976.75
0,0,0.025265941,59,68.7,4070.95
0,0,0.008341196,52,25.75,1345.85
0,1,0.6766211,8,73.5,632.2
0,0,0.41402182,5,53.8,283.95
1,1,0.6891909,4,44.55,174.3
0,0,0.012363168,50,70.5,3486.65
0,0,0.03493907,62,108.15,6825.65
0,0,0.022397166,61,19.45,1336.35
0,0,0.2508514,55,85.5,4713.4
0,0,0.082779095,5,20.05,95.55
0,0,0.034528747,35,54.95,1916.0
0,0,0.3689954,22,89.1,1949.4
0,0,0.01491605,57,53.35,3090.05
1,0,0.28743267,57,95.25,5427.05
0,0,0.012425015,64,19.45,1225.65
0,0,0.19506747,26,95.85,2475.35
0,0,0.15302531,39,99.1,3877.95
0,0,0.25069568,19,59.8,1130.85
1,0,0.35677415,31,93.8,3019.5
0,0,0.115272164,6,19.85,119.3
0,0,0.05840572,52,89.45,4577.75
0,0,0.10992598,53,85.7,4616.1
1,0,0.21988508,56,111.95,6418.9
0,0,0.00797142,56,75.85,4261.2
1,1,0.65014255,49,99.8,4872.45
0,0,0.012238312,39,25.0,1004.35
1,0,0.3368209,61,99.15,6010.05
0,0,0.1329219,43,34.0,1505.35
0,0,0.042345576,5,19.55,99.6
0,0,0.08507017,11,20.3,246.3
0,0,0.20423564,2,24.85,62.0
1,1,0.7366999,13,96.65,1244.5
0,0,0.0037952452,72,81.0,5750.0
0,0,0.14184931,46,69.1,3255.35
0,0,0.21450247,71,108.55,7616.0
1,0,0.28412345,36,87.55,3078.1
0,0,0.1685872,64,108.5,6880.85
1,1,0.5384059,1,75.3,75.3
1,1,0.5384605,15,84.3,1308.4
0,0,0.014843798,36,20.0,666.75
0,0,0.040978435,6,40.55,217.5
0,0,0.10651328,30,50.0,1474.9
1,1,0.7558572,1,59.85,59.85
1,0,0.47607446,13,80.85,1008.7
0,0,0.01422381,61,20.4,1226.45
0,0,0.00781773,72,107.7,7919.8
0,0,0.0447186,67,74.0,4868.4
0,0,0.0887906,34,79.95,2727.3
0,0,0.0032944586,72,20.5,1502.25
0,0,0.011367436,46,65.65,3047.15
1,1,0.6453729,7,75.1,552.95
1,0,0.31547734,7,76.45,503.6
0,0,0.0058623,72,67.8,4804.65
0,0,0.4200399,32,86.1,2723.75
0,0,0.018424775,39,53.85,2200.7
0,0,0.11601716,47,96.1,4391.45
1,0,0.48933345,50,95.05,4888.7
0,0,0.09430239,58,19.55,1108.8
0,0,0.361383,41,81.3,3190.65
0,1,0.8341847,4,83.25,308.05
0,0,0.0542667,32,61.4,1864.65
0,0,0.25230402,1,20.75,20.75
0,0,0.016026748,19,19.65,358.15
0,0,0.22058617,62,104.85,6312.9
0,0,0.22075601,1,74.1,74.1
1,0,0.13429737,12,61.65,713.75
1,0,0.13402922,48,45.3,2145.0
0,0,0.23203261,3,64.5,177.4
0,0,0.37539828,40,78.85,3126.85
0,0,0.24821778,19,25.15,468.35
1,1,0.8135725,1,70.25,70.25
0,0,0.005199594,67,24.9,1680.25
0,0,0.43351212,16,100.7,1522.7
0,0,0.44457904,1,19.55,19.55
0,0,0.022637602,21,53.15,1183.2
0,0,0.16572489,29,35.65,1025.15
0,0,0.19409414,20,94.3,1818.3
1,1,0.5860911,13,94.1,1215.6
1,0,0.3659128,9,29.95,248.95
0,0,0.01145388,51,83.25,4089.45
0,0,0.04520148,60,79.05,4663.4
1,1,0.5753835,20,79.15,1520.9
1,0,0.41085398,9,34.7,296.1
1,1,0.6671623,8,80.65,633.3
0,0,0.022937471,63,79.8,5034.05
0,0,0.17212053,10,65.9,660.05
0,0,0.30448505,3,69.95,220.45
0,0,0.012867588,44,20.6,926.0
0,0,0.17122594,8,51.3,411.6
1,0,0.12733048,61,106.0,6547.7
0,1,0.5610253,43,99.3,4209.95
0,0,0.11669273,43,56.35,2391.15
1,0,0.45784917,5,50.6,249.95
0,0,0.02551431,29,69.05,1958.45
0,1,0.6191422,54,99.05,5295.7
0,0,0.42670044,50,98.25,4858.7
0,0,0.03226696,68,88.15,6148.45
1,1,0.9160065,1,69.25,69.25
0,0,0.014997368,72,108.3,7679.65
0,0,0.29031718,55,73.1,4144.9
0,1,0.54774314,3,70.3,220.4
0,0,0.15298098,1,19.05,19.05
0,0,0.022199536,7,19.85,144.15
1,1,0.75588995,9,84.4,732.5
0,0,0.025350856,37,35.8,1316.9
0,0,0.010294178,62,86.1,5215.25
0,0,0.019048173,56,61.3,3346.8
0,0,0.023683555,27,24.5,761.95
0,0,0.038031507,49,87.2,4345.0
0,0,0.0047643594,28,20.3,487.95
0,0,0.10217802,5,20.65,93.55
0,0,0.042802457,56,19.7,1051.9
0,0,0.005786934,72,70.45,5165.7
